,tweet_id,favorites,retweets
0,892420643555336193,38915,8627
1,892177421306343426,33326,6336
2,891815181378084864,25102,4207
3,891689557279858688,42268,8745
4,891327558926688256,40427,9507
5,891087950875897856,20275,3150
6,890971913173991426,11890,2099
7,890729181411237888,65756,19118
8,890609185150312448,27854,4316
9,890240255349198849,32040,7503
10,890006608113172480,30749,7426
11,889880896479866881,27871,5024
12,889665388333682689,48243,10179
13,889638837579907072,27262,4594
14,889531135344209921,15131,2262
15,889278841981685760,25388,5496
16,888917238123831296,29171,4553
17,888804989199671297,25680,4395
18,888554962724278272,19983,3622
19,888078434458587136,21832,3536
20,887705289381826560,30292,5453
21,887517139158093824,46386,11794
22,887473957103951883,69326,18435
23,887343217045368832,33790,10520
24,887101392804085760,30645,6031
25,886983233522544640,35269,7847
26,886736880519319552,12108,3337
27,886680336477933568,22498,4522
28,886366144734445568,21186,3221
29,886267009285017600,116,4
30,886258384151887873,28045,6368
31,886054160059072513,0,105
32,885984800019947520,32814,6890
33,885528943205470208,36118,6516
34,885518971528720385,20489,3804
35,885311592912609280,0,18781
36,885167619883638784,22013,4431
37,884925521741709313,77801,18663
38,884876753390489601,28035,5862
39,884562892145688576,24374,4934
40,884441805382717440,27082,5721
41,884247878851493888,73237,20663
42,884162670584377345,20447,3027
43,883838122936631299,21974,3488
44,883482846933004288,46094,10079
45,883360690899218434,22628,3730
46,883117836046086144,37350,6754
47,882992080364220416,24028,3981
48,882762694511734784,28401,4988
49,882627270321602560,27966,6170
50,882268110199369728,45121,11753
51,882045870035918850,29459,5048
52,881906580714921986,24371,3435
53,881666595344535552,50712,10809
54,881633300179243008,127,7
55,881536004380872706,49628,16183
56,881268444196462592,23141,5210
57,880935762899988482,17062,2814
58,880872448815771648,21369,3866
59,880465832366813184,28623,6368
60,880221127280381952,27161,4287
61,880095782870896641,27713,4413
62,879862464715927552,22373,3544
63,879674319642796034,314,10
64,879492040517615616,23481,3224
65,879415818425184262,106261,44762
66,879376492567855104,16821,3159
67,879130579576475649,0,6939
68,879050749262655488,22662,4780
69,879008229531029506,19030,2730
70,878776093423087618,19440,4181
71,878604707211726852,30386,7348
72,878404777348136964,0,1312
73,878316110768087041,0,6762
74,878281511006478336,7781,1312
75,878057613040115712,42197,6939
76,877736472329191424,80294,19467
77,877611172832227328,0,81
78,877556246731214848,22855,3887
79,877316821321428993,27455,5258
80,877201837425926144,27246,5690
81,876838120628539392,20764,3416
82,876537666061221889,23535,4684
83,876484053909872640,18847,2442
84,876120275196170240,28042,4775
85,875747767867523072,25310,4366
86,875144289856114688,22017,5009
87,875097192612077568,27535,6148
88,875021211251597312,25600,4796
89,874680097055178752,27991,4727
90,874434818259525634,0,15063
91,874296783580663808,26202,4194
92,874057562936811520,22770,4031
93,874012996292530176,34897,10672
94,873580283840344065,24397,4029
95,873337748698140672,0,1621
96,873213775632977920,7313,1621
97,872967104147763200,27559,5513
98,872820683541237760,14818,3779
99,872668790621863937,0,28
100,872620804844003328,20936,3790
101,872486979161796608,40988,9202
102,872261713294495745,34506,6477
103,872122724285648897,34729,8314
104,871879754684805121,38388,11501
105,871762521631449091,20442,3566
106,871515927908634625,20397,3539
107,871166179821445120,0,5827
108,871102520638267392,21121,5619
109,871032628920680449,22883,3899
110,870804317367881728,34005,6384
111,870726314365509632,120,3
112,870656317836468226,12581,2726
113,870374049280663552,83624,26968
114,870308999962521604,22071,4270
115,870063196459192321,37119,8604
116,869772420881756160,42946,10352
117,869702957897576449,28619,6526
118,869596645499047938,16207,3232
119,869227993411051520,20732,3915
120,868880397819494401,66608,14988
121,868639477480148993,0,2167
122,868622495443632128,27802,5959
123,868552278524837888,10345,2167
124,867900495410671616,24560,4322
125,867774946302451713,34557,7585
126,867421006826221569,16452,2609
127,867072653475098625,0,131
128,867051520902168576,32825,8172
129,866720684873056260,20491,5017
130,866686824827068416,19728,3625
131,866450705531457537,124578,36617
132,866334964761202691,53694,15063
133,866094527597207552,0,8702
134,865718153858494464,26147,5833
135,865359393868664832,27053,5218
136,865006731092295680,28604,8000
137,864873206498414592,33045,9112
138,864279568663928832,14950,3181
139,864197398364647424,30876,9362
140,863907417377173506,21111,4328
141,863553081350529029,15657,4358
142,863471782782697472,0,2591
143,863432100342583297,24362,5522
144,863427515083354112,2316,101
145,863079547188785154,8963,1153
146,863062471531167744,8763,2591
147,862831371563274240,19669,5315
148,862722525377298433,17510,3705
149,862457590147678208,21086,5207
150,862096992088072192,76637,24435
151,861383897657036800,37060,11225
152,861288531465048066,17674,4376
153,861005113778896900,17193,4001
154,860981674716409858,0,2268
155,860924035999428608,0,856
156,860563773140209665,7723,2268
157,860524505164394496,24291,5545
158,860276583193509888,18829,3653
159,860184849394610176,17172,6149
160,860177593139703809,0,32481
161,859924526012018688,20114,4309
162,859851578198683649,15847,3685
163,859607811541651456,19141,1657
164,859196978902773760,92802,31903
165,859074603037188101,34951,14368
166,858860390427611136,0,8571
167,858843525470990336,16039,3668
168,858471635011153920,22200,5113
169,858107933456039936,16237,3079
170,857989990357356544,16646,2730
171,857746408056729600,35389,11219
172,857393404942143489,6118,1726
173,857263160327368704,20669,4792
174,857214891891077121,238,20
175,857062103051644929,0,179
176,857029823797047296,19570,4243
177,856602993587888130,0,11319
178,856543823941562368,16862,3052
179,856526610513747968,12240,1999
180,856330835276025856,0,718
181,856288084350160898,535,17
182,856282028240666624,28651,6687
183,855862651834028034,362,28
184,855860136149123072,5115,1101
185,855857698524602368,12266,2248
186,855851453814013952,47107,18750
187,855818117272018944,27588,5786
188,855459453768019968,31115,8752
189,855245323840757760,0,6362
190,855138241867124737,0,49
191,854732716440526848,23765,6511
192,854482394044301312,30563,7357
193,854365224396361728,19685,5022
194,854120357044912130,33294,8024
195,854010172552949760,16878,3360
196,853760880890318849,29882,6220
197,853639147608842240,36501,10901
198,853299958564483072,16251,3823
199,852936405516943360,0,2174
200,852912242202992640,9470,1981
201,852672615818899456,15643,2311
202,852553447878664193,17170,3780
203,852311364735569921,34739,10666
204,852226086759018497,20977,7363
205,852189679701164033,12018,1703
206,851953902622658560,0,10405
207,851861385021730816,0,23
208,851591660324737024,17025,3737
209,851464819735769094,25518,7632
210,851224888060895234,21727,6186
211,850753642995093505,32718,10063
212,850380195714523136,13742,2825
213,850333567704068097,3591,361
214,850145622816686080,17210,4133
215,850019790995546112,21570,5312
216,849776966551130114,32123,8248
217,849668094696017920,0,5386
218,849412302885593088,16749,3399
219,849336543269576704,12061,2051
220,849051919805034497,44780,9264
221,848690551926992896,26640,4688
222,848324959059550208,26166,5003
223,848213670039564288,8644,814
224,848212111729840128,17289,3349
225,847978865427394560,0,3547
226,847971574464610304,0,467
227,847962785489326080,24846,5575
228,847842811428974592,5818,1468
229,847617282490613760,7424,457
230,847606175596138505,19847,3677
231,847251039262605312,21625,4659
232,847157206088847362,21180,6376
233,847116187444137987,22693,3479
234,846874817362120707,21285,4286
235,846514051647705089,47420,12668
236,846505985330044928,15014,3383
237,846153765933735936,33714,9882
238,846139713627017216,32703,10725
239,846042936437604353,16979,3141
240,845812042753855489,31116,9559
241,845677943972139009,26669,5223
242,845397057150107648,8102,1996
243,845306882940190720,24789,5889
244,845098359547420673,0,8404
245,844979544864018432,14477,2832
246,844973813909606400,16089,3519
247,844704788403113984,41217,11319
248,844580511645339650,17520,3430
249,844223788422217728,14500,2399
250,843981021012017153,16057,3198
251,843856843873095681,22783,5073
252,843604394117681152,17983,2996
253,843235543001513987,22886,6638
254,842846295480000512,16190,3926
255,842765311967449089,7191,1404
256,842535590457499648,19269,3836
257,842163532590374912,26121,6362
258,842115215311396866,14942,3314
259,841833993020538882,0,16935
260,841680585030541313,27330,8514
261,841439858740625411,13491,4045
262,841320156043304961,21055,5956
263,841314665196081154,16961,5167
264,841077006473256960,24475,5827
265,840761248237133825,0,1933
266,840728873075638272,0,17800
267,840698636975636481,195,3
268,840696689258311684,13147,1089
269,840632337062862849,9597,1933
270,840370681858686976,17598,5017
271,840268004936019968,20594,6312
272,839990271299457024,14356,2531
273,839549326359670784,29452,8571
274,839290600511926273,0,155
275,839239871831150596,29100,7215
276,838952994649550848,20994,4393
277,838921590096166913,11959,2290
278,838916489579200512,0,37
279,838831947270979586,0,12230
280,838561493054533637,11683,1468
281,838476387338051585,24221,5321
282,838201503651401729,0,11189
283,838150277551247360,1793,358
284,838085839343206401,149,0
285,838083903487373313,18882,3476
286,837820167694528512,36647,8702
287,837482249356513284,4126,490
288,837471256429613056,13736,2554
289,837366284874571778,22651,5849
290,837110210464448512,17164,2655
291,836989968035819520,13643,2542
292,836753516572119041,20635,5099
293,836677758902222849,13521,2453
294,836648853927522308,0,609
295,836397794269200385,0,30504
296,836380477523124226,15786,3251
297,836260088725786625,22775,4737
298,836001077879255040,20512,4781
299,835685285446955009,0,9068
300,835574547218894849,19118,4014
301,835536468978302976,0,1884
302,835309094223372289,0,23317
303,835297930240217089,17585,3306
304,835264098648616962,8339,1884
305,835246439529840640,2238,81
306,835172783151792128,28048,6370
307,835152434251116546,24128,3359
308,834931633769889797,11635,1828
309,834786237630337024,22643,6043
310,834574053763584002,14732,2808
311,834477809192075265,0,11826
312,834458053273591808,10329,1857
313,834209720923721728,22150,5315
314,834167344700198914,16923,4024
315,834089966724603904,10791,2358
316,834086379323871233,14031,2457
317,833863086058651648,14407,2668
318,833826103416520705,16478,3816
319,833732339549220864,0,242
320,833722901757046785,22213,3556
321,833479644947025920,15979,2292
322,833124694597443584,21740,5386
323,832998151111966721,14316,2462
324,832769181346996225,0,42
325,832757312314028032,18108,4022
326,832682457690300417,12788,3271
327,832645525019123713,3139,578
328,832636094638288896,17072,3116
329,832397543355072512,12870,2479
330,832369877331693569,18474,3547
331,832273440279240704,12156,2596
332,832215909146226688,0,6884
333,832215726631055365,0,10420
334,832088576586297345,72,2
335,832040443403784192,0,10823
336,832032802820481025,19253,5190
337,831939777352105988,25860,6845
338,831926988323639298,367,36
339,831911600680497154,29798,7268
340,831670449226514432,11255,2018
341,831650051525054464,7737,2174
342,831552930092285952,9706,2558
343,831322785565769729,9881,1705
344,831315979191906304,7003,1237
345,831309418084069378,12607,2713
346,831262627380748289,12835,2289
347,830956169170665475,8596,1681
348,830583320585068544,72149,18781
349,830173239259324417,0,6369
350,830097400375152640,10605,3354
351,829878982036299777,0,5600
352,829861396166877184,13208,2190
353,829501995190984704,34243,11826
354,829449946868879360,11310,2270
355,829374341691346946,37415,10405
356,829141528400556032,26473,8278
357,829011960981237760,57204,18104
358,828801551087042563,0,3797
359,828770345708580865,27603,6561
360,828708714936930305,39529,12523
361,828650029636317184,10277,1501
362,828409743546925057,6782,1282
363,828408677031882754,8260,1430
364,828381636999917570,13642,2485
365,828376505180889089,7987,1187
366,828372645993398273,13530,3266
367,828361771580813312,2369,191
368,828046555563323392,12725,3191
369,828011680017821696,11192,2392
370,827933404142436356,21789,5844
371,827653905312006145,16701,3352
372,827600520311402496,8015,1055
373,827324948884643840,17177,3421
374,827199976799354881,11455,2507
375,826958653328592898,23361,5600
376,826848821049180160,39545,11494
377,826615380357632002,0,4406
378,826598799820865537,5539,286
379,826598365270007810,10906,2627
380,826476773533745153,19931,4692
381,826240494070030336,14353,2894
382,826204788643753985,5273,1051
383,826115272272650244,16985,3504
384,825876512159186944,11332,2094
385,825829644528148480,13782,2788
386,825535076884762624,56334,19251
387,825147591692263424,19845,5122
388,825120256414846976,0,1444
389,825026590719483904,6898,1444
390,824796380199809024,0,6145
391,824775126675836928,16225,3954
392,824663926340194305,10917,1946
393,824325613288833024,12779,11614
394,824297048279236611,16294,4331
395,824025158776213504,5171,665
396,823939628516474880,11548,3038
397,823719002937630720,0,12634
398,823699002998870016,13632,2705
399,823581115634085888,14139,2974
400,823333489516937216,759,29
401,823322678127919110,17105,4521
402,823269594223824897,0,11076
403,822975315408461824,18789,3866
404,822872901745569793,143784,49305
405,822859134160621569,14335,2562
406,822647212903690241,0,7190
407,822610361945911296,16032,3327
408,822489057087389700,19722,7190
409,822462944365645825,31127,16614
410,822244816520155136,38086,11076
411,822163064745328640,0,5419
412,821886076407029760,12351,2633
413,821813639212650496,0,3750
414,821765923262631936,9168,1864
415,821522889702862852,8711,1984
416,821421320206483457,0,6281
417,821407182352777218,12828,4903
418,821153421864615936,276,10
419,821149554670182400,9519,2265
420,821107785811234820,10451,2400
421,821044531881721856,13756,2572
422,820837357901512704,0,7519
423,820749716845686786,34351,11189
424,820690176645140481,13290,3626
425,820494788566847489,0,636
426,820446719150292993,0,2907
427,820314633777061888,3635,636
428,820078625395449857,21543,7063
429,820013781606658049,0,1329
430,819952236453363712,5806,1329
431,819924195358416896,14018,5451
432,819711362133872643,14637,3528
433,819588359383371776,10410,2215
434,819347104292290561,7860,1349
435,819238181065359361,2497,453
436,819227688460238848,25153,7519
437,819015337530290176,0,41136
438,819015331746349057,0,21234
439,819006400881917954,49096,21234
440,819004803107983360,93907,41136
441,818646164899774465,0,23436
442,818627210458333184,24174,8363
443,818614493328580609,10757,2908
444,818588835076603904,0,6937
445,818536468981415936,11905,2790
446,818307523543449600,0,9141
447,818259473185828864,11993,2562
448,818145370475810820,13407,2923
449,817908911860748288,5264,889
450,817827839487737858,56570,30504
451,817777686764523521,11659,3002
452,817536400337801217,12862,3417
453,817502432452313088,0,3818
454,817423860136083457,37396,16935
455,817415592588222464,6129,1087
456,817181837579653120,0,9591
457,817171292965273600,9511,2262
458,817120970343411712,13229,2949
459,817056546584727552,9346,1862
460,816829038950027264,0,5328
461,816816676327063552,10895,2300
462,816697700272001025,10687,2479
463,816450570814898180,33360,9141
464,816336735214911488,9386,2208
465,816091915477250048,9736,2426
466,816062466425819140,0,1179
467,816014286006976512,0,5999
468,815990720817401858,5446,1179
469,815966073409433600,24539,9591
470,815745968457060357,0,4654
471,815736392542261248,10733,2556
472,815639385530101762,8989,1858
473,815390420867969024,11273,4283
474,814986499976527872,8333,1463
475,814638523311648768,12300,3057
476,814578408554463233,0,6566
477,814530161257443328,9463,2096
478,814153002265309185,31399,9811
479,813944609378369540,0,3644
480,813910438903693312,10140,2125
481,813812741911748608,39680,15819
482,813800681631023104,9125,1999
483,813217897535406080,20399,8231
484,813202720496779264,10017,2032
485,813187593374461952,21677,4927
486,813172488309972993,10204,2169
487,813157409116065792,8457,2498
488,813142292504645637,9194,2659
489,813130366689148928,4875,500
490,813127251579564032,12978,3546
491,813112105746448384,11296,3119
492,813096984823349248,11498,4086
493,813081950185472002,10799,3126
494,813066809284972545,8694,2196
495,813051746834595840,22885,8259
496,812781120811126785,8266,2158
497,812747805718642688,0,7854
498,812709060537683968,7240,1618
499,812503143955202048,6657,1385
500,812466873996607488,8740,2178
501,812372279581671427,14962,4145
502,811985624773361665,7953,1590
503,811744202451197953,8259,1825
504,811647686436880384,6092,841
505,811627233043480576,14007,3547
506,811386762094317568,22844,7234
507,810984652412424192,5836,1614
508,810896069567610880,9897,2025
509,810657578271330305,11994,2985
510,810284430598270976,38835,12960
511,810254108431155201,16072,3797
512,809920764300447744,16934,4406
513,809808892968534016,0,5554
514,809448704142938112,7582,1664
515,809220051211603969,21824,6369
516,809084759137812480,14447,3960
517,808838249661788160,11054,3437
518,808733504066486276,8641,2445
519,808501579447930884,12352,2929
520,808344865868283904,46496,23436
521,808134635716833280,0,6749
522,808106460588765185,9545,2463
523,808001312164028416,13765,3994
524,807621403335917568,15967,4161
525,807106840509214720,123335,61318
526,807059379405148160,0,8296
527,807010152071229440,14269,4313
528,806629075125202948,82428,39610
529,806620845233815552,0,6241
530,806576416489959424,5296,2182
531,806542213899489280,11177,2688
532,806242860592926720,0,13239
533,806219024703037440,7021,1357
534,805958939288408065,0,6073
535,805932879469572096,9038,2148
536,805826884734976000,7202,2073
537,805823200554876929,0,9121
538,805520635690676224,6270,1873
539,805487436403003392,9592,2864
540,805207613751304193,8519,1922
541,804738756058218496,15055,4358
542,804475857670639616,6744,2278
543,804413760345620481,0,3635
544,804026241225523202,48861,18359
545,803773340896923648,11012,3133
546,803692223237865472,0,8424
547,803638050916102144,12031,4692
548,803380650405482500,8476,2107
549,803321560782307329,0,6047
550,803276597545603072,10999,2795
551,802952499103731712,9892,2269
552,802624713319034886,0,3312
553,802600418706604034,7803,1663
554,802572683846291456,9797,2844
555,802323869084381190,17805,6617
556,802265048156610565,6942,1540
557,802239329049477120,9937,2947
558,802185808107208704,0,306
559,801958328846974976,8463,1930
560,801854953262350336,1926,264
561,801538201127157760,8971,2330
562,801285448605831168,6652,937
563,801167903437357056,26901,6749
564,801127390143516673,0,4503
565,801115127852503040,8848,2362
566,800859414831898624,758,109
567,800855607700029440,0,1841
568,800751577355128832,11501,3133
569,800513324630806528,14407,3405
570,800459316964663297,10356,2428
571,800443802682937345,0,4905
572,800388270626521089,12224,3164
573,800188575492947969,0,4453
574,800141422401830912,16781,2907
575,800018252395122689,31148,14931
576,799774291445383169,0,5327
577,799757965289017345,9219,2447
578,799422933579902976,8816,2159
579,799308762079035393,0,6286
580,799297110730567681,10871,3151
581,799063482566066176,8875,2787
582,798933969379225600,14444,5073
583,798925684722855936,8140,1625
584,798705661114773508,0,7506
585,798701998996647937,0,8862
586,798697898615730177,0,7385
587,798694562394996736,0,5649
588,798686750113755136,0,2631
589,798682547630837760,0,5376
590,798673117451325440,0,6311
591,798665375516884993,0,4413
592,798644042770751489,0,2097
593,798628517273620480,0,2221
594,798585098161549313,0,6472
595,798576900688019456,0,6681
596,798340744599797760,0,3815
597,798209839306514432,11365,2886
598,797971864723324932,12784,3564
599,797545162159308800,15921,5494
600,797236660651966464,21943,7510
601,797165961484890113,253,32
602,796904159865868288,0,10115
603,796865951799083009,8409,2150
604,796759840936919040,13028,3474
605,796563435802726400,0,8298
606,796484825502875648,8315,1996
607,796387464403357696,12092,4720
608,796177847564038144,0,16228
609,796149749086875649,35535,16228
610,796125600683540480,5429,2026
611,796116448414461957,9960,2744
612,796080075804475393,9265,2622
613,796031486298386433,11852,4186
614,795464331001561088,54691,27003
615,795400264262053889,11081,3244
616,795076730285391872,17809,6145
617,794983741416415232,0,3818
618,794926597468000259,11279,2624
619,794355576146903043,0,11671
620,794332329137291264,10494,2996
621,794205286408003585,10114,3774
622,793962221541933056,18498,5554
623,793845145112371200,10111,2123
624,793614319594401792,0,3546
625,793601777308463104,8751,1852
626,793500921481273345,11741,2705
627,793286476301799424,27035,10420
628,793271401113350145,9480,2672
629,793256262322548741,21936,9435
630,793241302385262592,11565,3713
631,793226087023144960,10794,3234
632,793210959003287553,9806,3199
633,793195938047070209,16753,6361
634,793180763617361921,7579,2243
635,793165685325201412,10317,3153
636,793150605191548928,6776,1938
637,793135492858580992,7085,2811
638,793120401413079041,13932,4415
639,792913359805018113,15759,4559
640,792883833364439040,12418,4837
641,792773781206999040,8061,1907
642,792394556390137856,14825,4864
643,792050063153438720,7885,2033
644,791821351946420224,0,23832
645,791784077045166082,0,10955
646,791780927877898241,0,4303
647,791774931465953280,49462,25193
648,791672322847637504,12891,3546
649,791406955684368384,14410,4654
650,791312159183634433,9648,2871
651,791026214425268224,0,4679
652,790987426131050500,10874,2417
653,790946055508652032,18240,5328
654,790723298204217344,0,2627
655,790698755171364864,9004,2156
656,790581949425475584,22690,8105
657,790337589677002753,8593,2113
658,790277117346975746,13791,3644
659,790227638568808452,0,4061
660,789986466051088384,10178,2627
661,789960241177853952,0,4709
662,789903600034189313,11411,4684
663,789628658055020548,8277,2016
664,789599242079838210,7458,2190
665,789530877013393408,12902,3818
666,789314372632018944,9447,2609
667,789280767834746880,0,5600
668,789268448748703744,10016,2933
669,789137962068021249,10663,3157
670,788908386943430656,30031,14047
671,788765914992902144,30096,11671
672,788552643979468800,0,8186
673,788412144018661376,17116,6014
674,788178268662984705,7951,2413
675,788150585577050112,6750,1478
676,788070120937619456,0,3858
677,788039637453406209,6730,1495
678,787810552592695296,9525,3453
679,787717603741622272,11202,3147
680,787397959788929025,11890,3202
681,787322443945877504,8554,1976
682,787111942498508800,0,7581
683,786963064373534720,29129,9068
684,786729988674449408,0,2738
685,786709082849828864,19926,6884
686,786664955043049472,11703,2907
687,786595970293370880,10306,3510
688,786363235746385920,11959,3963
689,786286427768250368,8759,3246
690,786233965241827333,16825,5419
691,786051337297522688,1580,174
692,786036967502913536,0,7990
693,785927819176054784,12470,3568
694,785872687017132033,7328,2065
695,785639753186217984,8556,2499
696,785533386513321988,9995,2275
697,785515384317313025,6681,1433
698,785264754247995392,7970,1852
699,785170936622350336,13262,5501
700,784826020293709826,11125,3635
701,784517518371221505,9837,2868
702,784431430411685888,6222,1447
703,784183165795655680,22064,9121
704,784057939640352768,32785,12634
705,783839966405230592,32975,12230
706,783821107061198850,8064,2219
707,783695101801398276,11430,3631
708,783466772167098368,9275,2546
709,783391753726550016,18517,6231
710,783347506784731136,0,6342
711,783334639985389568,32015,13239
712,783085703974514689,8927,2501
713,782969140009107456,26425,8296
714,782747134529531904,8166,1569
715,782722598790725632,18904,6073
716,782598640137187329,8539,2125
717,782305867769217024,18260,6281
718,782021823840026624,0,7052
719,781955203444699136,12144,3796
720,781661882474196992,11432,3056
721,781655249211752448,4379,1258
722,781524693396357120,22717,6241
723,781308096455073793,7803,2870
724,781251288990355457,9253,2372
725,781163403222056960,10688,3073
726,780931614150983680,23673,8298
727,780858289093574656,7867,2249
728,780800785462489090,6040,1464
729,780601303617732608,13238,3750
730,780543529827336192,6896,1959
731,780496263422808064,0,4201
732,780476555013349377,0,133
733,780459368902959104,5779,1198
734,780192070812196864,9536,2526
735,780092040432480260,0,2590
736,780074436359819264,13412,5637
737,779834332596887552,20815,7990
738,779377524342161408,9657,3514
739,779124354206535695,0,20746
740,779123168116150273,12906,4104
741,779056095788752897,16178,5103
742,778990705243029504,21893,8215
743,778774459159379968,0,11217
744,778764940568104960,937,413
745,778748913645780993,7546,1506
746,778650543019483137,6316,1685
747,778624900596654080,5079,1137
748,778408200802557953,14887,4893
749,778396591732486144,0,13791
750,778383385161035776,6389,1238
751,778286810187399168,11347,3728
752,778039087836069888,9260,2980
753,778027034220126208,7172,1831
754,777953400541634568,0,3963
755,777885040357281792,6942,1846
756,777684233540206592,12272,3312
757,777641927919427584,0,4805
758,777621514455814149,9556,2810
759,777189768882946048,15617,4863
760,776819012571455488,0,15432
761,776813020089548800,5326,1360
762,776477788987613185,9684,3152
763,776249906839351296,0,10327
764,776218204058357768,32763,17977
765,776201521193218049,10469,2833
766,776113305656188928,12828,4905
767,776088319444877312,2001,171
768,775898661951791106,0,17403
769,775842724423557120,12772,3020
770,775733305207554048,15128,4503
771,775729183532220416,14094,5156
772,775364825476165632,8125,3359
773,775350846108426240,11075,4404
774,775085132600442880,16955,5327
775,774757898236878852,9304,1984
776,774639387460112384,7334,1955
777,774314403806253056,23734,6286
778,773985732834758656,11708,4362
779,773922284943896577,6967,1943
780,773704687002451968,7192,1837
781,773670353721753600,5811,1457
782,773547596996571136,24041,6937
783,773336787167145985,0,5738
784,773308824254029826,25321,8404
785,773247561583001600,10206,3598
786,773191612633579521,10889,4615
787,772877495989305348,9360,4369
788,772826264096874500,8691,2607
789,772615324260794368,0,3785
790,772581559778025472,7061,1907
791,772193107915964416,6543,1558
792,772152991789019136,4106,1264
793,772117678702071809,4083,820
794,772114945936949249,2947,527
795,772102971039580160,4358,1037
796,771908950375665664,7164,2120
797,771770456517009408,13094,3815
798,771500966810099713,9007,2934
799,771380798096281600,11493,5738
800,771171053431250945,0,8474
801,771136648247640064,10016,3273
802,771102124360998913,6775,1612
803,771014301343748096,7499,1857
804,771004394259247104,0,247
805,770787852854652928,5403,1371
806,770772759874076672,5654,1583
807,770743923962707968,0,51073
808,770655142660169732,7981,1961
809,770414278348247044,6860,2313
810,770293558247038976,6788,1670
811,770093767776997377,0,3415
812,770069151037685760,8243,2583
813,769940425801170949,34270,10823
814,769695466921623552,6967,1867
815,769335591808995329,0,8611
816,769212283578875904,5880,1920
817,768970937022709760,15695,7342
818,768909767477751808,0,3033
819,768855141948723200,4581,1003
820,768609597686943744,4484,1350
821,768596291618299904,5479,1434
822,768554158521745409,0,6534
823,768473857036525572,14810,3842
824,768193404517830656,11883,3963
825,767884188863397888,5182,1579
826,767754930266464257,17467,6047
827,767500508068192258,8143,2612
828,767191397493538821,13362,4280
829,767122157629476866,11010,3193
830,766864461642756096,0,6344
831,766793450729734144,5535,1525
832,766714921925144576,2823,428
833,766693177336135680,4396,885
834,766423258543644672,6548,1779
835,766313316352462849,7360,2112
836,766078092750233600,0,2897
837,766069199026450432,4657,977
838,766008592277377025,4061,557
839,765719909049503744,7861,2408
840,765669560888528897,5647,1364
841,765395769549590528,28615,3787
842,765371061932261376,7703,2408
843,765222098633691136,12637,3785
844,764857477905154048,6968,1971
845,764259802650378240,6583,1701
846,763956972077010945,798,61
847,763837565564780549,13723,4679
848,763183847194451968,5902,1658
849,763167063695355904,0,3384
850,763103485927849985,7988,2543
851,762699858130116608,13242,4061
852,762471784394268675,12285,7309
853,762464539388485633,11262,4709
854,762316489655476224,5251,1262
855,762035686371364864,34770,17451
856,761976711479193600,5876,2255
857,761750502866649088,0,4412
858,761745352076779520,4630,955
859,761672994376806400,53812,32481
860,761599872357261312,4491,1311
861,761371037149827077,0,19997
862,761334018830917632,5678,1615
863,761292947749015552,4860,1230
864,761227390836215808,5781,1725
865,761004547850530816,12242,3858
866,760893934457552897,4154,1081
867,760656994973933572,7178,2150
868,760641137271070720,5378,1443
869,760539183865880579,8233,4048
870,760521673607086080,4597,1564
871,760290219849637889,29088,12813
872,760252756032651264,4273,965
873,760190180481531904,6201,2019
874,760153949710192640,0,37
875,759943073749200896,6460,2327
876,759923798737051648,15960,6344
877,759846353224826880,7295,2214
878,759793422261743616,6484,2126
879,759566828574212096,0,23647
880,759557299618865152,5103,1310
881,759447681597108224,9231,2738
882,759446261539934208,1813,547
883,759197388317847553,6583,2165
884,759159934323924993,0,1308
885,759099523532779520,15771,4679
886,759047813560868866,7075,2244
887,758854675097526272,3849,995
888,758828659922702336,12140,4264
889,758740312047005698,6217,1779
890,758474966123810816,4143,1102
891,758467244762497024,5219,2478
892,758405701903519748,5645,2141
893,758355060040593408,3725,1207
894,758099635764359168,20856,11217
895,758041019896193024,2944,422
896,757741869644341248,7474,3609
897,757729163776290825,0,9062
898,757725642876129280,4930,1362
899,757611664640446465,4941,1241
900,757597904299253760,0,323
901,757596066325864448,4730,1180
902,757400162377592832,16440,7583
903,757393109802180609,6330,1942
904,757354760399941633,4908,1585
905,756998049151549440,6798,2211
906,756939218950160384,7212,2231
907,756651752796094464,5505,1474
908,756526248105566208,11296,4042
909,756303284449767430,4287,1201
910,756288534030475264,45813,19407
911,756275833623502848,6982,1702
912,755955933503782912,7948,3203
913,755206590534418437,17837,5988
914,755110668769038337,22991,12320
915,754874841593970688,0,8937
916,754856583969079297,7447,2801
917,754747087846248448,2790,581
918,754482103782404096,5747,2160
919,754449512966619136,4072,819
920,754120377874386944,8494,2594
921,754011816964026368,9543,4005
922,753655901052166144,6336,2427
923,753420520834629632,8575,3976
924,753398408988139520,6273,2132
925,753375668877008896,8249,2590
926,753298634498793472,0,6430
927,753294487569522689,3692,1157
928,753039830821511168,40240,23317
929,753026973505581056,4217,1083
930,752932432744185856,13691,7581
931,752917284578922496,7443,1745
932,752701944171524096,0,3206
933,752682090207055872,6522,1788
934,752660715232722944,4783,1748
935,752568224206688256,6019,2541
936,752519690950500352,7987,3819
937,752334515931054080,4139,1229
938,752309394570878976,0,18534
939,752173152931807232,6446,2052
940,751950017322246144,3343,1035
941,751937170840121344,5659,1491
942,751830394383790080,6290,2168
943,751793661361422336,6353,3245
944,751598357617971201,8543,3358
945,751583847268179968,4784,1239
946,751538714308972544,5449,1403
947,751456908746354688,3467,1098
948,751251247299190784,13546,6526
949,751205363882532864,6823,2032
950,751132876104687617,5514,1445
951,750868782890057730,5193,1545
952,750719632563142656,14307,5600
953,750506206503038976,4821,1277
954,750429297815552001,14276,4805
955,750383411068534784,4912,1268
956,750381685133418496,744,35
957,750147208377409536,3341,1071
958,750132105863102464,3922,1402
959,750117059602808832,4666,1437
960,750101899009982464,3294,934
961,750086836815486976,2345,604
962,750071704093859840,8480,3712
963,750056684286914561,3381,986
964,750041628174217216,3433,686
965,750026558547456000,2934,873
966,750011400160841729,3506,1008
967,749996283729883136,3272,891
968,749981277374128128,5523,2715
969,749774190421639168,5026,1456
970,749417653287129088,6601,1855
971,749403093750648834,2834,607
972,749395845976588288,9302,3844
973,749317047558017024,5933,2454
974,749075273010798592,6238,2298
975,749064354620928000,5186,1678
976,749036806121881602,3349,866
977,748977405889503236,11611,3788
978,748932637671223296,6325,2496
979,748705597323898880,2987,1044
980,748699167502000129,5116,1769
981,748692773788876800,4580,1472
982,748575535303884801,6559,2207
983,748568946752774144,2363,748
984,748346686624440324,5635,1372
985,748337862848962560,8286,4575
986,748324050481647620,4002,846
987,748307329658011649,3964,792
988,748220828303695873,15247,8626
989,747963614829678593,6257,2389
990,747933425676525569,7155,2827
991,747885874273214464,3182,1093
992,747844099428986880,3027,824
993,747816857231626240,5235,1285
994,747651430853525504,1490,174
995,747648653817413632,13917,6459
996,747600769478692864,2503,603
997,747594051852075008,3972,1172
998,747512671126323200,5997,1751
999,747461612269887489,4175,1145
1000,747439450712596480,5864,2133
1001,747242308580548608,0,3184
1002,747219827526344708,5692,1740
1003,747204161125646336,3656,1013
1004,747103485104099331,10342,4429
1005,746906459439529985,3112,328
1006,746872823977771008,6450,2370
1007,746818907684614144,5699,1896
1008,746790600704425984,5247,1766
1009,746757706116112384,10284,4303
1010,746726898085036033,6503,1980
1011,746542875601690625,5422,2056
1012,746521445350707200,0,1085
1013,746507379341139972,5003,1196
1014,746369468511756288,6508,1815
1015,746131877086527488,7420,2439
1016,746056683365994496,3822,909
1017,745789745784041472,4354,1175
1018,745712589599014916,7510,2568
1019,745433870967832576,7656,2806
1020,745422732645535745,9232,2699
1021,745314880350101504,7706,3065
1022,745074613265149952,8426,3877
1023,745057283344719872,7788,2527
1024,744995568523612160,3218,693
1025,744971049620602880,8475,2963
1026,744709971296780288,6026,1716
1027,744334592493166593,7267,2367
1028,744234799360020481,128577,77607
1029,744223424764059648,1825,413
1030,743980027717509120,4468,1202
1031,743895849529389061,3921,1054
1032,743835915802583040,0,2313
1033,743609206067040256,4821,1518
1034,743595368194129920,19871,7250
1035,743545585370791937,3786,1038
1036,743510151680958465,8491,4070
1037,743253157753532416,4542,1332
1038,743222593470234624,6662,2105
1039,743210557239623680,4124,1507
1040,742534281772302336,7577,3912
1041,742528092657332225,4783,2191
1042,742465774154047488,7795,4272
1043,742423170473463808,10600,4201
1044,742385895052087300,7308,2197
1045,742161199639494656,4663,1511
1046,742150209887731712,5535,1725
1047,741793263812808706,4891,1661
1048,741743634094141440,8771,3044
1049,741438259667034112,3944,919
1050,741303864243200000,9433,3559
1051,741099773336379392,10767,6087
1052,741067306818797568,10141,3415
1053,740995100998766593,6878,3054
1054,740711788199743490,3664,1031
1055,740699697422163968,3046,860
1056,740676976021798912,19489,7506
1057,740373189193256964,37281,14669
1058,740365076218183684,2666,481
1059,740359016048689152,3546,942
1060,740214038584557568,7184,2168
1061,739979191639244800,21426,6534
1062,739932936087216128,4359,1184
1063,739844404073074688,4065,934
1064,739623569819336705,4093,1503
1065,739606147276148736,5791,1826
1066,739544079319588864,42743,23647
1067,739485634323156992,7741,3234
1068,739238157791694849,73571,51073
1069,738891149612572673,115,6
1070,738885046782832640,4042,1251
1071,738883359779196928,3588,893
1072,738537504001953792,5468,1719
1073,738402415918125056,3519,934
1074,738184450748633089,4635,1331
1075,738166403467907072,9435,3746
1076,738156290900254721,2709,727
1077,737826014890496000,5648,1953
1078,737800304142471168,10716,3810
1079,737678689543020544,5414,1469
1080,737445876994609152,11080,4917
1081,737322739594330112,3873,884
1082,737310737551491075,15740,8147
1083,736736130620620800,4632,1920
1084,736392552031657984,19061,8186
1085,736365877722001409,4292,1371
1086,736225175608430592,8719,3040
1087,736010884653420544,8484,3267
1088,735991953473572864,3864,1263
1089,735648611367784448,4309,1201
1090,735635087207878657,6643,2595
1091,735274964362878976,13954,5593
1092,735256018284875776,3600,968
1093,735137028879360001,3353,1061
1094,734912297295085568,2930,564
1095,734787690684657664,13465,6925
1096,734776360183431168,2686,593
1097,734559631394082816,1606,433
1098,733828123016450049,3853,854
1099,733822306246479872,3937,1106
1100,733482008106668032,3369,1042
1101,733460102733135873,4511,1409
1102,733109485275860992,45535,17403
1103,732732193018155009,2613,588
1104,732726085725589504,3787,969
1105,732585889486888962,3950,849
1106,732375214819057664,8655,2761
1107,732005617171337216,16001,5999
1108,731285275100512256,3733,1075
1109,731156023742988288,4107,1392
1110,730924654643314689,6564,2173
1111,730573383004487680,5275,2372
1112,730427201120833536,3718,1146
1113,730211855403241472,4099,1150
1114,730196704625098752,5231,2117
1115,729854734790754305,4310,1223
1116,729838605770891264,1823,418
1117,729823566028484608,4275,1362
1118,729463711119904772,6220,2523
1119,729113531270991872,2018,361
1120,728986383096946689,3395,893
1121,728760639972315136,4994,1857
1122,728751179681943552,2990,741
1123,728653952833728512,3547,1140
1124,728409960103686147,5278,2206
1125,728387165835677696,3933,1046
1126,728046963732717569,4625,1289
1127,728035342121635841,4861,1836
1128,728015554473250816,4398,1197
1129,727685679342333952,3137,698
1130,727644517743104000,6317,1916
1131,727524757080539137,4788,1340
1132,727314416056803329,3551,817
1133,727286334147182592,3247,900
1134,727175381690781696,4136,1497
1135,727155742655025152,3894,1454
1136,726935089318363137,7357,2680
1137,726887082820554753,4108,1646
1138,726828223124897792,3799,1099
1139,726224900189511680,4723,1270
1140,725842289046749185,7542,2897
1141,725786712245440512,4451,1489
1142,725729321944506368,5542,1949
1143,725458796924002305,1511,681
1144,724983749226668032,3962,1432
1145,724771698126512129,2537,701
1146,724405726123311104,5680,1805
1147,724049859469295616,4641,1938
1148,724046343203856385,2849,608
1149,724004602748780546,4479,1735
1150,723912936180330496,4150,1343
1151,723688335806480385,8260,3263
1152,723673163800948736,3235,978
1153,723179728551723008,5668,2055
1154,722974582966214656,4393,1719
1155,722613351520608256,5296,1791
1156,721503162398597120,4989,2057
1157,721001180231503872,2695,672
1158,720785406564900865,3328,844
1159,720775346191278080,2647,743
1160,720415127506415616,4408,1636
1161,720389942216527872,6854,2764
1162,720340705894408192,3065,1067
1163,720059472081784833,4157,1238
1164,720043174954147842,5236,2192
1165,719991154352222208,5170,1921
1166,719704490224398336,4878,1588
1167,719551379208073216,5405,2119
1168,719367763014393856,2978,806
1169,719339463458033665,4711,1368
1170,719332531645071360,3647,1044
1171,718971898235854848,3733,1204
1172,718939241951195136,5607,1921
1173,718631497683582976,20253,8862
1174,718613305783398402,2617,528
1175,718540630683709445,2664,1107
1176,718460005985447936,2889,583
1177,718454725339934721,5214,1644
1178,718246886998687744,2057,549
1179,718234618122661888,4134,1094
1180,717841801130979328,2616,652
1181,717790033953034240,3103,1237
1182,717537687239008257,6157,2015
1183,717428917016076293,1707,498
1184,717421804990701568,3375,924
1185,717047459982213120,6698,2085
1186,717009362452090881,3494,1073
1187,716802964044845056,4559,1282
1188,716791146589110272,5906,1518
1189,716730379797970944,1309,461
1190,716447146686459905,14031,6435
1191,716439118184652801,2524,241
1192,716285507865542656,2972,1193
1193,716080869887381504,5225,1910
1194,715928423106027520,3425,960
1195,715758151270801409,3993,1562
1196,715733265223708672,4983,1857
1197,715704790270025728,2995,619
1198,715696743237730304,4177,1414
1199,715680795826982913,4620,1776
1200,715360349751484417,5845,1720
1201,715342466308784130,3227,749
1202,715220193576927233,2573,717
1203,715200624753819648,5473,2061
1204,715009755312439296,4457,1357
1205,714982300363173890,4014,1132
1206,714962719905021952,7867,4686
1207,714957620017307648,4423,1552
1208,714631576617938945,3495,1093
1209,714606013974974464,3870,1018
1210,714485234495041536,2899,1274
1211,714258258790387713,3213,787
1212,714251586676113411,3497,918
1213,714214115368108032,2429,963
1214,714141408463036416,4593,1533
1215,713919462244790272,3496,851
1216,713909862279876608,2042,598
1217,713900603437621249,3017,813
1218,713761197720473600,5206,1504
1219,713411074226274305,4713,1411
1220,713177543487135744,7703,3107
1221,713175907180089344,4764,1594
1222,712809025985978368,19921,7385
1223,712717840512598017,13224,5461
1224,712668654853337088,4447,1330
1225,712438159032893441,5687,1709
1226,712309440758808576,262,25
1227,712097430750289920,4067,1139
1228,712092745624633345,3151,991
1229,712085617388212225,3456,535
1230,712065007010385924,2419,689
1231,711998809858043904,0,137
1232,711968124745228288,8614,2530
1233,711743778164514816,3041,1078
1234,711732680602345472,9532,4524
1235,711694788429553666,35158,19997
1236,711652651650457602,4142,1008
1237,711363825979756544,3918,1252
1238,711306686208872448,3534,800
1239,711008018775851008,3206,686
1240,710997087345876993,4869,1528
1241,710844581445812225,2729,752
1242,710833117892898816,2883,588
1243,710658690886586372,2468,618
1244,710609963652087808,5132,2569
1245,710588934686908417,4880,2055
1246,710296729921429505,2530,805
1247,710283270106132480,2274,567
1248,710272297844797440,4844,1379
1249,710269109699739648,2571,1232
1250,710153181850935296,3103,972
1251,710140971284037632,2956,980
1252,710117014656950272,5889,2185
1253,709918798883774466,3192,1177
1254,709901256215666688,718,109
1255,709852847387627521,3749,1306
1256,709566166965075968,3777,1327
1257,709556954897764353,3512,1165
1258,709519240576036864,1592,263
1259,709449600415961088,2381,647
1260,709409458133323776,2805,764
1261,709225125749587968,2562,628
1262,709207347839836162,13481,6402
1263,709198395643068416,2580,703
1264,709179584944730112,2154,740
1265,709158332880297985,2188,454
1266,709042156699303936,5105,1804
1267,708853462201716736,1912,720
1268,708845821941387268,3176,984
1269,708834316713893888,1823,551
1270,708810915978854401,17681,7632
1271,708738143638450176,2931,892
1272,708711088997666817,2727,800
1273,708479650088034305,2722,745
1274,708469915515297792,3295,898
1275,708400866336894977,17155,11075
1276,708356463048204288,3863,1482
1277,708349470027751425,2521,809
1278,708149363256774660,4571,1691
1279,708130923141795840,3629,920
1280,708119489313951744,2876,1070
1281,708109389455101952,2074,592
1282,708026248782585858,4675,2111
1283,707995814724026368,3319,1229
1284,707983188426153984,51,2
1285,707969809498152960,2886,1065
1286,707776935007539200,3512,1041
1287,707741517457260545,2663,672
1288,707738799544082433,4395,2710
1289,707693576495472641,3668,1096
1290,707629649552134146,2767,963
1291,707610948723478529,18182,7052
1292,707420581654872064,2442,769
1293,707411934438625280,2436,655
1294,707387676719185920,3758,1437
1295,707377100785885184,3524,1180
1296,707315916783140866,2647,705
1297,707297311098011648,2950,881
1298,707059547140169728,2754,742
1299,707038192327901184,2357,880
1300,707021089608753152,4347,1508
1301,707014260413456384,2461,648
1302,706904523814649856,15618,8611
1303,706901761596989440,2220,662
1304,706681918348251136,3553,1063
1305,706644897839910912,2764,1202
1306,706593038911545345,2311,692
1307,706538006853918722,3709,1542
1308,706516534877929472,3322,1132
1309,706346369204748288,3694,1009
1310,706310011488698368,23000,8781
1311,706291001778950144,1820,511
1312,706265994973601792,2920,1005
1313,706169069255446529,4203,2441
1314,706166467411222528,5517,1767
1315,706153300320784384,1599,421
1316,705975130514706432,3328,812
1317,705970349788291072,3371,979
1318,705898680587526145,2543,622
1319,705786532653883392,2093,583
1320,705591895322394625,3400,1270
1321,705475953783398401,3176,1013
1322,705442520700944385,4779,1816
1323,705428427625635840,4094,1868
1324,705239209544720384,3216,823
1325,705223444686888960,2766,882
1326,705102439679201280,2307,566
1327,705066031337840642,2329,664
1328,704871453724954624,4527,1221
1329,704859558691414016,2419,601
1330,704847917308362754,5484,1688
1331,704819833553219584,2836,1107
1332,704761120771465216,7130,3184
1333,704499785726889984,3154,1095
1334,704491224099647488,820,94
1335,704480331685040129,3647,1162
1336,704364645503647744,8627,3901
1337,704347321748819968,1696,386
1338,704134088924532736,1623,509
1339,704113298707505153,1988,616
1340,704054845121142784,3137,1004
1341,703774238772166656,1980,511
1342,703769065844768768,3535,1248
1343,703631701117943808,2786,758
1344,703611486317502464,4141,1668
1345,703425003149250560,4085,1518
1346,703407252292673536,2644,762
1347,703382836347330562,3765,1254
1348,703356393781329922,2046,424
1349,703268521220972544,2111,609
1350,703079050210877440,7926,3392
1351,703041949650034688,28402,13791
1352,702932127499816960,2779,797
1353,702899151802126337,1736,495
1354,702684942141153280,3453,1183
1355,702671118226825216,2349,617
1356,702598099714314240,11105,3612
1357,702539513671897089,3079,1056
1358,702332542343577600,3433,1707
1359,702321140488925184,3531,1133
1360,702276748847800320,2656,837
1361,702217446468493312,5164,1474
1362,701981390485725185,3692,1085
1363,701952816642965504,4098,1118
1364,701889187134500865,3830,1515
1365,701805642395348998,3680,1859
1366,701601587219795968,2240,506
1367,701570477911896070,3022,1028
1368,701545186879471618,2843,665
1369,701214700881756160,13168,5649
1370,700890391244103680,2388,632
1371,700864154249383937,2782,671
1372,700847567345688576,2608,546
1373,700796979434098688,2613,1050
1374,700747788515020802,24570,10327
1375,700518061187723268,2826,876
1376,700505138482569216,2444,626
1377,700462010979500032,4455,1976
1378,700167517596164096,2844,820
1379,700151421916807169,2407,729
1380,700143752053182464,8107,3033
1381,700062718104104960,2835,761
1382,700029284593901568,2219,638
1383,700002074055016451,3550,1479
1384,699801817392291840,3276,1063
1385,699788877217865730,2414,543
1386,699779630832685056,2975,1363
1387,699775878809702401,2102,670
1388,699691744225525762,11018,5048
1389,699446877801091073,6372,2872
1390,699434518667751424,2331,560
1391,699423671849451520,1473,365
1392,699413908797464576,2215,678
1393,699370870310113280,2014,482
1394,699323444782047232,3390,954
1395,699088579889332224,2399,692
1396,699079609774645248,2626,719
1397,699072405256409088,3229,1301
1398,699060279947165696,4060,1994
1399,699036661657767936,2804,1312
1400,698989035503689728,3637,1082
1401,698953797952008193,2906,988
1402,698907974262222848,2728,680
1403,698710712454139905,2656,753
1404,698703483621523456,1560,415
1405,698635131305795584,1377,374
1406,698549713696649216,2488,682
1407,698355670425473025,2004,494
1408,698342080612007937,2434,1042
1409,698262614669991936,5099,2214
1410,698195409219559425,18022,6566
1411,698178924120031232,3018,810
1412,697995514407682048,1635,364
1413,697990423684476929,3529,1421
1414,697943111201378304,2579,756
1415,697881462549430272,3241,1303
1416,697630435728322560,1873,593
1417,697616773278015490,3390,1113
1418,697596423848730625,3247,1382
1419,697575480820686848,2197,555
1420,697516214579523584,2229,1248
1421,697482927769255936,2601,745
1422,697463031882764288,3666,1513
1423,697270446429966336,5014,2042
1424,697259378236399616,3534,1097
1425,697255105972801536,3246,1276
1426,697242256848379904,2701,734
1427,696900204696625153,3434,1126
1428,696894894812565505,2527,740
1429,696886256886657024,5185,1969
1430,696877980375769088,2627,782
1431,696754882863349760,1579,389
1432,696744641916489729,2239,1046
1433,696713835009417216,2554,722
1434,696518437233913856,4193,1852
1435,696490539101908992,1313,163
1436,696488710901260288,2730,1136
1437,696405997980676096,3453,1251
1438,696100768806522880,2081,728
1439,695816827381944320,3220,1283
1440,695794761660297217,3416,856
1441,695767669421768709,2011,819
1442,695629776980148225,4913,2324
1443,695446424020918272,4668,1987
1444,695409464418041856,9246,3918
1445,695314793360662529,3918,1625
1446,695095422348574720,2826,674
1447,695074328191332352,3056,1210
1448,695064344191721472,1725,661
1449,695051054296211456,2863,866
1450,694925794720792577,2898,1010
1451,694905863685980160,2972,1030
1452,694669722378485760,38267,15893
1453,694356675654983680,1617,317
1454,694352839993344000,2186,683
1455,694342028726001664,1687,533
1456,694329668942569472,2155,550
1457,694206574471057408,4500,2244
1458,694183373896572928,3160,1019
1459,694001791655137281,3634,1138
1460,693993230313091072,2008,445
1461,693942351086120961,1856,406
1462,693647888581312512,2897,652
1463,693644216740769793,1443,142
1464,693642232151285760,2732,457
1465,693629975228977152,2632,880
1466,693622659251335168,1655,407
1467,693590843962331137,5446,2162
1468,693582294167244802,1765,283
1469,693486665285931008,1904,686
1470,693280720173801472,3602,1364
1471,693267061318012928,2557,900
1472,693262851218264065,2393,551
1473,693231807727280129,3070,810
1474,693155686491000832,8482,3525
1475,693109034023534592,1844,672
1476,693095443459342336,2010,508
1477,692919143163629568,2862,818
1478,692905862751522816,2619,969
1479,692901601640583168,1926,663
1480,692894228850999298,2446,885
1481,692828166163931137,3091,965
1482,692752401762250755,7339,4008
1483,692568918515392513,4654,1687
1484,692535307825213440,3434,1491
1485,692530551048294401,1983,461
1486,692423280028966913,1584,254
1487,692417313023332352,10071,3818
1488,692187005137076224,2704,903
1489,692158366030913536,2311,879
1490,692142790915014657,1761,430
1491,692041934689402880,3645,1396
1492,692017291282812928,3080,1054
1493,691820333922455552,4238,1808
1494,691793053716221953,8745,4621
1495,691756958957883396,3109,1128
1496,691675652215414786,2077,561
1497,691483041324204033,2550,632
1498,691459709405118465,4357,1262
1499,691444869282295808,2842,935
1500,691416866452082688,20817,8424
1501,691321916024623104,2776,727
1502,691096613310316544,3186,984
1503,691090071332753408,1834,375
1504,690989312272396288,6362,3164
1505,690959652130045952,3841,1385
1506,690938899477221376,4449,2196
1507,690932576555528194,3529,1119
1508,690735892932222976,4047,1410
1509,690728923253055490,2327,572
1510,690690673629138944,2492,870
1511,690649993829576704,1406,309
1512,690607260360429569,312,19
1513,690597161306841088,2109,661
1514,690400367696297985,2002,497
1515,690374419777196032,3489,952
1516,690360449368465409,2860,979
1517,690348396616552449,1613,559
1518,690248561355657216,1809,455
1519,690021994562220032,2998,1142
1520,690015576308211712,2687,812
1521,690005060500217858,3920,1860
1522,689999384604450816,1529,414
1523,689993469801164801,1574,505
1524,689977555533848577,1461,490
1525,689905486972461056,2602,764
1526,689877686181715968,3236,1308
1527,689835978131935233,2322,830
1528,689661964914655233,3432,1015
1529,689659372465688576,11186,4294
1530,689623661272240129,2403,717
1531,689599056876867584,12517,6086
1532,689557536375177216,2211,509
1533,689517482558820352,3643,1572
1534,689289219123089408,2421,1022
1535,689283819090870273,3533,1219
1536,689280876073582592,2144,791
1537,689275259254616065,1245,272
1538,689255633275777024,2758,1184
1539,689154315265683456,3290,1105
1540,689143371370250240,2183,571
1541,688916208532455424,2930,960
1542,688908934925697024,2271,851
1543,688898160958271489,2257,868
1544,688894073864884227,2400,773
1545,688828561667567616,1476,407
1546,688804835492233216,1027,217
1547,688789766343622656,2377,729
1548,688547210804498433,2800,771
1549,688519176466644993,2473,802
1550,688385280030670848,9999,4908
1551,688211956440801280,2384,924
1552,688179443353796608,2270,647
1553,688116655151435777,3024,864
1554,688064179421470721,1840,397
1555,687841446767013888,5883,2793
1556,687826841265172480,2929,1255
1557,687818504314159109,2696,1058
1558,687807801670897665,2569,770
1559,687732144991551489,1889,727
1560,687704180304273409,2620,932
1561,687664829264453632,2084,566
1562,687494652870668288,2057,635
1563,687480748861947905,1717,275
1564,687476254459715584,2126,595
1565,687460506001633280,2194,596
1566,687399393394311168,2035,689
1567,687317306314240000,21634,10115
1568,687312378585812992,4676,2096
1569,687127927494963200,5876,2524
1570,687124485711986689,2324,557
1571,687109925361856513,6236,2724
1572,687102708889812993,2513,1093
1573,687096057537363968,2406,674
1574,686947101016735744,9256,3497
1575,686760001961103360,3770,1516
1576,686749460672679938,3737,1619
1577,686730991906516992,4459,1319
1578,686683045143953408,3010,885
1579,686618349602762752,3953,1502
1580,686606069955735556,2027,595
1581,686394059078897668,1891,754
1582,686386521809772549,3484,977
1583,686377065986265092,2382,623
1584,686358356425093120,2359,753
1585,686286779679375361,4297,1843
1586,686050296934563840,2369,814
1587,686035780142297088,1246,134
1588,686034024800862208,3350,1295
1589,686007916130873345,2652,462
1590,686003207160610816,1957,707
1591,685973236358713344,2268,590
1592,685943807276412928,1760,678
1593,685906723014619143,8094,3212
1594,685681090388975616,2178,140
1595,685667379192414208,2511,638
1596,685663452032069632,3487,1611
1597,685641971164143616,3149,856
1598,685547936038666240,35459,17305
1599,685532292383666176,3265,1272
1600,685325112850124800,10222,4412
1601,685321586178670592,2849,714
1602,685315239903100929,3594,1192
1603,685307451701334016,2216,486
1604,685268753634967552,3340,1336
1605,685198997565345792,2497,737
1606,685169283572338688,4397,1579
1607,684969860808454144,2467,423
1608,684959798585110529,7164,3451
1609,684940049151070208,3450,1155
1610,684926975086034944,3770,528
1611,684914660081053696,3761,1614
1612,684902183876321280,2015,590
1613,684880619965411328,2256,913
1614,684830982659280897,37750,23832
1615,684800227459624960,2916,1090
1616,684594889858887680,9626,3909
1617,684588130326986752,4425,1554
1618,684567543613382656,3234,1370
1619,684538444857667585,2850,1063
1620,684481074559381504,4148,1293
1621,684460069371654144,2123,614
1622,684241637099323392,8786,3639
1623,684225744407494656,1333,234
1624,684222868335505415,4132,1528
1625,684200372118904832,2336,1137
1626,684195085588783105,2059,574
1627,684188786104872960,3739,1302
1628,684177701129875456,2170,742
1629,684147889187209216,3198,1654
1630,684122891630342144,2134,526
1631,684097758874210310,4416,1585
1632,683857920510050305,4073,1229
1633,683852578183077888,2063,388
1634,683849932751646720,2820,1083
1635,683834909291606017,2815,1224
1636,683828599284170753,2994,1162
1637,683773439333797890,3603,1488
1638,683742671509258241,7010,3677
1639,683515932363329536,7902,3206
1640,683498322573824003,3396,1058
1641,683481228088049664,2821,1090
1642,683462770029932544,2615,742
1643,683449695444799489,4182,1774
1644,683391852557561860,8174,2631
1645,683357973142474752,3160,1037
1646,683142553609318400,3094,1151
1647,683111407806746624,3656,1010
1648,683098815881154561,2324,717
1649,683078886620553216,2130,617
1650,683030066213818368,2316,807
1651,682962037429899265,39854,18472
1652,682808988178739200,1905,205
1653,682788441537560576,2652,1234
1654,682750546109968385,1632,479
1655,682697186228989953,1411,393
1656,682662431982772225,3267,1181
1657,682638830361513985,2208,660
1658,682429480204398592,3683,1281
1659,682406705142087680,8146,1952
1660,682393905736888321,2389,753
1661,682389078323662849,1790,512
1662,682303737705140231,3303,1102
1663,682259524040966145,4475,1351
1664,682242692827447297,3488,1302
1665,682088079302213632,19698,10955
1666,682059653698686977,5321,1873
1667,682047327939461121,3447,1063
1668,682032003584274432,7070,2230
1669,682003177596559360,3381,1678
1670,681981167097122816,2964,1133
1671,681891461017812993,2645,921
1672,681694085539872773,13734,4453
1673,681679526984871937,1884,489
1674,681654059175129088,2837,1026
1675,681610798867845120,2051,520
1676,681579835668455424,3807,1450
1677,681523177663676416,15391,6430
1678,681340665377193984,1763,306
1679,681339448655802368,9982,4479
1680,681320187870711809,2853,842
1681,681302363064414209,4240,2021
1682,681297372102656000,3417,1059
1683,681281657291280384,3445,1215
1684,681261549936340994,1558,300
1685,681242418453299201,1606,603
1686,681231109724700672,2563,531
1687,681193455364796417,3984,1641
1688,680970795137544192,2600,726
1689,680959110691590145,4888,2196
1690,680940246314430465,3460,1170
1691,680934982542561280,2230,486
1692,680913438424612864,2557,683
1693,680889648562991104,1894,404
1694,680836378243002368,3687,1478
1695,680805554198020098,2320,732
1696,680801747103793152,2541,909
1697,680798457301471234,3062,1151
1698,680609293079592961,2825,790
1699,680583894916304897,3862,1477
1700,680497766108381184,4545,2114
1701,680494726643068929,1839,531
1702,680473011644985345,2714,823
1703,680440374763077632,1551,553
1704,680221482581123072,1563,320
1705,680206703334408192,3039,1293
1706,680191257256136705,2297,563
1707,680176173301628928,4181,1723
1708,680161097740095489,2477,807
1709,680145970311643136,3877,1918
1710,680130881361686529,2461,1045
1711,680115823365742593,2901,1006
1712,680100725817409536,3812,1510
1713,680085611152338944,13685,9795
1714,680070545539371008,2754,964
1715,680055455951884288,17911,7854
1716,679877062409191424,2106,706
1717,679872969355714560,2318,728
1718,679862121895714818,2631,685
1719,679854723806179328,3075,1357
1720,679844490799091713,2539,861
1721,679828447187857408,38872,15432
1722,679777920601223168,3307,1238
1723,679736210798047232,2246,883
1724,679729593985699840,2314,909
1725,679722016581222400,1773,521
1726,679530280114372609,5097,2285
1727,679527802031484928,2844,803
1728,679511351870550016,3612,1420
1729,679503373272485890,3394,1633
1730,679475951516934144,2250,704
1731,679462823135686656,34087,20745
1732,679405845277462528,2546,1332
1733,679158373988876288,23035,8937
1734,679148763231985668,2963,1134
1735,679132435750195208,3174,1278
1736,679111216690831360,6391,2823
1737,679062614270468097,18330,9062
1738,679047485189439488,2412,754
1739,679001094530465792,3017,1356
1740,678991772295516161,2490,1289
1741,678969228704284672,1753,509
1742,678800283649069056,2747,991
1743,678798276842360832,3729,1307
1744,678774928607469569,2969,1016
1745,678767140346941444,3768,1510
1746,678764513869611008,1739,528
1747,678755239630127104,7639,3655
1748,678740035362037760,4005,1879
1749,678708137298427904,5944,2678
1750,678675843183484930,3074,1637
1751,678643457146150913,2191,473
1752,678446151570427904,4263,1732
1753,678424312106393600,5787,2803
1754,678410210315247616,4533,2007
1755,678399652199309312,62006,30375
1756,678396796259975168,1693,462
1757,678389028614488064,1992,462
1758,678380236862578688,2598,988
1759,678341075375947776,1842,591
1760,678334497360859136,1381,295
1761,678278586130948096,12256,6661
1762,678255464182861824,1690,408
1763,678023323247357953,2052,427
1764,678021115718029313,14677,6978
1765,677961670166224897,3627,1835
1766,677918531514703872,1435,447
1767,677895101218201600,5156,2325
1768,677716515794329600,3245,1071
1769,677700003327029250,3610,1572
1770,677698403548192770,1301,349
1771,677687604918272002,2630,924
1772,677673981332312066,3550,1639
1773,677662372920729601,2080,1069
1774,677644091929329666,2002,871
1775,677573743309385728,2277,803
1776,677565715327688705,1371,502
1777,677557565589463040,2599,1275
1778,677547928504967168,7385,3973
1779,677530072887205888,1131,245
1780,677335745548390400,3251,1957
1781,677334615166730240,1441,321
1782,677331501395156992,1159,260
1783,677328882937298944,3861,1638
1784,677314812125323265,1751,589
1785,677301033169788928,1323,454
1786,677269281705472000,2114,773
1787,677228873407442944,3766,1791
1788,677187300187611136,2908,1004
1789,676975532580409345,2942,1172
1790,676957860086095872,2342,884
1791,676949632774234114,1377,431
1792,676948236477857792,2303,955
1793,676946864479084545,1807,412
1794,676942428000112642,2203,837
1795,676936541936185344,13508,5376
1796,676916996760600576,3155,1955
1797,676897532954456065,2380,795
1798,676864501615042560,2237,782
1799,676821958043033607,24553,17066
1800,676819651066732545,1913,723
1801,676811746707918848,1506,460
1802,676776431406465024,5290,2190
1803,676617503762681856,3072,1076
1804,676613908052996102,1153,211
1805,676606785097199616,1998,480
1806,676603393314578432,1244,429
1807,676593408224403456,4845,2350
1808,676590572941893632,976,139
1809,676588346097852417,2475,868
1810,676582956622721024,1277,307
1811,676575501977128964,2740,1228
1812,676533798876651520,1986,607
1813,676496375194980353,1598,583
1814,676470639084101634,12357,5099
1815,676440007570247681,1818,733
1816,676430933382295552,1476,377
1817,676263575653122048,2188,592
1818,676237365392908289,1295,324
1819,676219687039057920,79093,33798
1820,676215927814406144,1839,641
1821,676191832485810177,2413,1117
1822,676146341966438401,2035,726
1823,676121918416756736,2271,1270
1824,676101918813499392,2971,1255
1825,676098748976615425,3193,1564
1826,676089483918516224,1391,466
1827,675898130735476737,1736,632
1828,675891555769696257,2254,949
1829,675888385639251968,2524,1040
1830,675878199931371520,4423,1533
1831,675870721063669760,1737,613
1832,675853064436391936,2849,1414
1833,675849018447167488,1000,166
1834,675845657354215424,2415,969
1835,675822767435051008,1613,578
1836,675820929667219457,1108,249
1837,675798442703122432,10852,3679
1838,675781562965868544,1700,515
1839,675740360753160193,1227,376
1840,675710890956750848,2000,901
1841,675707330206547968,2103,749
1842,675706639471788032,680,104
1843,675534494439489536,1905,454
1844,675531475945709568,1244,420
1845,675522403582218240,1095,308
1846,675517828909424640,1382,494
1847,675501075957489664,18115,6311
1848,675497103322386432,3315,1411
1849,675489971617296384,1367,648
1850,675483430902214656,1946,1053
1851,675432746517426176,1599,615
1852,675372240448454658,1798,547
1853,675362609739206656,1105,251
1854,675354435921575936,34542,18534
1855,675349384339542016,4152,2451
1856,675334060156301312,2934,1395
1857,675166823650848770,3817,1748
1858,675153376133427200,6641,2818
1859,675149409102012420,3941,1823
1860,675147105808306176,998,261
1861,675146535592706048,1263,339
1862,675145476954566656,2246,971
1863,675135153782571009,1364,532
1864,675113801096802304,2056,851
1865,675111688094527488,1014,274
1866,675109292475830276,2931,1221
1867,675047298674663426,1114,355
1868,675015141583413248,2851,1293
1869,675006312288268288,1026,244
1870,675003128568291329,1629,506
1871,674999807681908736,2366,1195
1872,674805413498527744,910,383
1873,674800520222154752,3162,931
1874,674793399141146624,2637,1180
1875,674790488185167872,1157,272
1876,674788554665512960,848,225
1877,674781762103414784,2097,1309
1878,674774481756377088,1184,514
1879,674767892831932416,1927,859
1880,674764817387900928,829,259
1881,674754018082705410,1431,482
1882,674752233200820224,1546,502
1883,674743008475090944,1470,591
1884,674742531037511680,514,54
1885,674739953134403584,1174,423
1886,674737130913071104,674,100
1887,674690135443775488,1204,500
1888,674670581682434048,1701,701
1889,674664755118911488,969,272
1890,674646392044941312,1505,541
1891,674644256330530816,1076,296
1892,674638615994089473,1763,630
1893,674632714662858753,1569,618
1894,674606911342424069,987,109
1895,674468880899788800,6517,2212
1896,674447403907457024,1114,384
1897,674436901579923456,1169,421
1898,674422304705744896,1495,572
1899,674416750885273600,713,150
1900,674410619106390016,1253,504
1901,674394782723014656,1571,616
1902,674372068062928900,893,333
1903,674330906434379776,584,78
1904,674318007229923329,1479,555
1905,674307341513269249,11889,7443
1906,674291837063053312,15474,6342
1907,674271431610523648,1644,778
1908,674269164442398721,935,246
1909,674265582246694913,1715,902
1910,674262580978937856,1357,489
1911,674255168825880576,1535,602
1912,674082852460433408,786,182
1913,674075285688614912,1020,307
1914,674063288070742018,6666,2387
1915,674053186244734976,3486,1406
1916,674051556661161984,1520,518
1917,674045139690631169,1481,692
1918,674042553264685056,753,138
1919,674038233588723717,1150,439
1920,674036086168010753,877,234
1921,674024893172875264,1874,1314
1922,674019345211760640,1184,323
1923,674014384960745472,1639,696
1924,674008982932058114,1255,380
1925,673956914389192708,2044,1039
1926,673919437611909120,1218,389
1927,673906403526995968,3337,1747
1928,673887867907739649,975,270
1929,673716320723169284,3222,815
1930,673715861853720576,3715,2240
1931,673711475735838725,1087,319
1932,673709992831262724,885,297
1933,673708611235921920,1118,309
1934,673707060090052608,1151,421
1935,673705679337693185,1310,423
1936,673700254269775872,1492,610
1937,673697980713705472,3974,2094
1938,673689733134946305,1817,691
1939,673688752737402881,1318,528
1940,673686845050527744,1505,466
1941,673680198160809984,1427,502
1942,673662677122719744,1305,385
1943,673656262056419329,750,260
1944,673636718965334016,1170,397
1945,673612854080196609,1652,779
1946,673583129559498752,1240,393
1947,673580926094458881,864,285
1948,673576835670777856,1441,597
1949,673363615379013632,1065,332
1950,673359818736984064,1521,714
1951,673355879178194945,1555,630
1952,673352124999274496,1720,576
1953,673350198937153538,763,224
1954,673345638550134785,2633,1377
1955,673343217010679808,1011,284
1956,673342308415348736,1319,632
1957,673320132811366400,14127,8474
1958,673317986296586240,902,282
1959,673295268553605120,7849,3384
1960,673270968295534593,1106,395
1961,673240798075449344,1478,773
1962,673213039743795200,2350,903
1963,673148804208660480,1776,674
1964,672997845381865473,2046,766
1965,672995267319328768,994,317
1966,672988786805112832,1013,306
1967,672984142909456390,1300,576
1968,672980819271634944,1879,1053
1969,672975131468300288,1761,983
1970,672970152493887488,997,377
1971,672968025906282496,1370,587
1972,672964561327235073,1482,688
1973,672902681409806336,1421,535
1974,672898206762672129,925,446
1975,672884426393653248,1623,880
1976,672877615439593473,1068,392
1977,672834301050937345,1369,612
1978,672828477930868736,1309,518
1979,672640509974827008,1011,342
1980,672622327801233409,1351,525
1981,672614745925664768,1273,625
1982,672609152938721280,1158,411
1983,672604026190569472,1163,432
1984,672594978741354496,1379,642
1985,672591762242805761,988,353
1986,672591271085670400,759,199
1987,672538107540070400,1069,395
1988,672523490734551040,678,184
1989,672488522314567680,1160,469
1990,672482722825261057,1182,643
1991,672481316919734272,739,130
1992,672475084225949696,1499,746
1993,672466075045466113,1411,575
1994,672272411274932228,6725,3592
1995,672267570918129665,1557,648
1996,672264251789176834,1193,365
1997,672256522047614977,2934,1655
1998,672254177670729728,1482,784
1999,672248013293752320,1792,645
2000,672245253877968896,714,165
2001,672239279297454080,930,338
2002,672231046314901505,1916,1068
2003,672222792075620352,815,225
2004,672205392827572224,2356,1227
2005,672169685991993344,1058,394
2006,672160042234327040,906,383
2007,672139350159835138,1828,769
2008,672125275208069120,2507,1214
2009,672095186491711488,1034,390
2010,672082170312290304,980,390
2011,672068090318987265,1354,546
2012,671896809300709376,8805,4413
2013,671891728106971137,1387,597
2014,671882082306625538,3609,1459
2015,671879137494245376,1477,729
2016,671874878652489728,1302,585
2017,671866342182637568,1170,535
2018,671855973984772097,953,483
2019,671789708968640512,7361,3704
2020,671768281401958400,1240,554
2021,671763349865160704,1751,976
2022,671744970634719232,1397,819
2023,671743150407421952,768,241
2024,671735591348891648,1498,794
2025,671729906628341761,8914,4642
2026,671561002136281088,13408,7699
2027,671550332464455680,953,220
2028,671547767500775424,1414,635
2029,671544874165002241,2079,1115
2030,671542985629241344,1139,601
2031,671538301157904385,962,420
2032,671536543010570240,1226,436
2033,671533943490011136,1071,612
2034,671528761649688577,877,273
2035,671520732782923777,1457,564
2036,671518598289059840,986,309
2037,671511350426865664,1683,772
2038,671504605491109889,7335,3753
2039,671497587707535361,962,474
2040,671488513339211776,1050,498
2041,671486386088865792,607,219
2042,671485057807351808,791,245
2043,671390180817915904,1475,783
2044,671362598324076544,1164,311
2045,671357843010908160,415,155
2046,671355857343524864,495,118
2047,671347597085433856,1011,461
2048,671186162933985280,767,228
2049,671182547775299584,1168,364
2050,671166507850801152,910,375
2051,671163268581498880,1733,1178
2052,671159727754231808,388,86
2053,671154572044468225,748,229
2054,671151324042559489,697,161
2055,671147085991960577,698,242
2056,671141549288370177,1215,693
2057,671138694582165504,967,426
2058,671134062904504320,778,205
2059,671122204919246848,3648,2695
2060,671115716440031232,1407,819
2061,671109016219725825,1192,467
2062,670995969505435648,1152,309
2063,670842764863651840,25582,9324
2064,670840546554966016,616,207
2065,670838202509447168,1162,736
2066,670833812859932673,464,132
2067,670832455012716544,765,231
2068,670826280409919488,5808,4325
2069,670823764196741120,806,201
2070,670822709593571328,634,102
2071,670815497391357952,3313,1647
2072,670811965569282048,1173,286
2073,670807719151067136,1195,521
2074,670804601705242624,2050,1005
2075,670803562457407488,351,93
2076,670797304698376195,758,250
2077,670792680469889025,868,293
2078,670789397210615808,691,254
2079,670786190031921152,627,213
2080,670783437142401025,851,419
2081,670782429121134593,1644,834
2082,670780561024270336,808,305
2083,670778058496974848,340,76
2084,670764103623966721,1119,452
2085,670755717859713024,465,120
2086,670733412878163972,999,538
2087,670727704916926465,866,391
2088,670717338665226240,1269,528
2089,670704688707301377,790,392
2090,670691627984359425,610,256
2091,670679630144274432,779,308
2092,670676092097810432,261,45
2093,670668383499735048,11180,5360
2094,670474236058800128,1588,811
2095,670468609693655041,364,89
2096,670465786746662913,1010,588
2097,670452855871037440,571,220
2098,670449342516494336,1238,714
2099,670444955656130560,6990,2097
2100,670442337873600512,677,207
2101,670435821946826752,1096,557
2102,670434127938719744,1466,688
2103,670433248821026816,335,121
2104,670428280563085312,1448,675
2105,670427002554466305,536,174
2106,670421925039075328,1366,682
2107,670420569653809152,656,332
2108,670417414769758208,591,341
2109,670411370698022913,2131,960
2110,670408998013820928,582,237
2111,670403879788544000,449,169
2112,670385711116361728,584,227
2113,670374371102445568,768,286
2114,670361874861563904,340,71
2115,670338931251150849,444,118
2116,670319130621435904,4010,1308
2117,670303360680108032,442,143
2118,670290420111441920,736,300
2119,670093938074779648,1076,358
2120,670086499208155136,724,267
2121,670079681849372674,2328,1338
2122,670073503555706880,1628,843
2123,670069087419133954,661,262
2124,670061506722140161,798,367
2125,670055038660800512,695,351
2126,670046952931721218,674,187
2127,670040295598354432,784,117
2128,670037189829525505,610,296
2129,670003130994700288,345,98
2130,669993076832759809,337,89
2131,669972011175813120,461,171
2132,669970042633789440,313,64
2133,669942763794931712,528,180
2134,669926384437997569,393,111
2135,669923323644657664,245,61
2136,669753178989142016,840,426
2137,669749430875258880,283,68
2138,669684865554620416,544,94
2139,669683899023405056,408,116
2140,669682095984410625,366,141
2141,669680153564442624,697,305
2142,669661792646373376,841,463
2143,669625907762618368,3688,1915
2144,669603084620980224,988,392
2145,669597912108789760,535,160
2146,669583744538451968,1549,989
2147,669573570759163904,450,153
2148,669571471778410496,1651,1065
2149,669567591774625800,243,60
2150,669564461267722241,402,130
2151,669393256313184256,378,81
2152,669375718304980992,1390,767
2153,669371483794317312,515,190
2154,669367896104181761,477,166
2155,669363888236994561,652,242
2156,669359674819481600,380,131
2157,669354382627049472,2821,1349
2158,669353438988365824,673,271
2159,669351434509529089,463,198
2160,669328503091937280,1052,440
2161,669327207240699904,599,121
2162,669324657376567296,514,218
2163,669216679721873412,941,409
2164,669214165781868544,460,178
2165,669203728096960512,1050,507
2166,669037058363662336,683,328
2167,669015743032369152,770,393
2168,669006782128353280,598,264
2169,669000397445533696,21722,6762
2170,668994913074286592,459,249
2171,668992363537309700,780,369
2172,668989615043424256,710,346
2173,668988183816871936,940,500
2174,668986018524233728,574,177
2175,668981893510119424,565,326
2176,668979806671884288,827,374
2177,668975677807423489,1365,619
2178,668967877119254528,154,25
2179,668960084974809088,739,251
2180,668955713004314625,295,74
2181,668932921458302977,280,61
2182,668902994700836864,330,106
2183,668892474547511297,412,161
2184,668872652652679168,550,315
2185,668852170888998912,470,174
2186,668826086256599040,456,147
2187,668815180734689280,596,285
2188,668779399630725120,733,397
2189,668655139528511488,551,229
2190,668645506898350081,936,574
2191,668643542311546881,922,562
2192,668641109086707712,1123,566
2193,668636665813057536,1083,510
2194,668633411083464705,2949,1746
2195,668631377374486528,748,339
2196,668627278264475648,332,122
2197,668625577880875008,411,140
2198,668623201287675904,1507,829
2199,668620235289837568,215,46
2200,668614819948453888,636,335
2201,668587383441514497,1727,1147
2202,668567822092664832,255,61
2203,668544745690562560,542,241
2204,668542336805281792,484,227
2205,668537837512433665,259,78
2206,668528771708952576,486,237
2207,668507509523615744,338,113
2208,668496999348633600,427,140
2209,668484198282485761,442,250
2210,668480044826800133,480,155
2211,668466899341221888,922,545
2212,668297328638447616,643,313
2213,668291999406125056,259,34
2214,668286279830867968,525,144
2215,668274247790391296,858,243
2216,668268907921326080,573,253
2217,668256321989451776,1354,651
2218,668248472370458624,1029,513
2219,668237644992782336,6457,3009
2220,668226093875376128,314,112
2221,668221241640230912,526,209
2222,668204964695683073,576,204
2223,668190681446379520,674,205
2224,668171859951755264,511,203
2225,668154635664932864,513,331
2226,668142349051129856,581,303
2227,668113020489474048,690,258
2228,667937095915278337,1324,839
2229,667924896115245057,309,117
2230,667915453470232577,218,58
2231,667911425562669056,510,318
2232,667902449697558528,875,390
2233,667886921285246976,1971,1151
2234,667885044254572545,848,511
2235,667878741721415682,406,125
2236,667873844930215936,652,427
2237,667866724293877760,3109,1085
2238,667861340749471744,250,83
2239,667832474953625600,294,65
2240,667806454573760512,1091,524
2241,667801013445750784,337,98
2242,667793409583771648,721,345
2243,667782464991965184,427,254
2244,667773195014021121,240,59
2245,667766675769573376,461,231
2246,667728196545200128,386,159
2247,667724302356258817,505,334
2248,667550904950915073,0,35
2249,667550882905632768,0,33
2250,667549055577362432,5992,2403
2251,667546741521195010,344,133
2252,667544320556335104,897,551
2253,667538891197542400,209,70
2254,667534815156183040,846,562
2255,667530908589760512,488,255
2256,667524857454854144,1753,1172
2257,667517642048163840,380,198
2258,667509364010450944,7005,2221
2259,667502640335572993,550,228
2260,667495797102141441,547,288
2261,667491009379606528,550,237
2262,667470559035432960,265,101
2263,667455448082227200,196,65
2264,667453023279554560,320,93
2265,667443425659232256,807,607
2266,667437278097252352,465,249
2267,667435689202614272,314,85
2268,667405339315146752,480,225
2269,667393430834667520,202,58
2270,667369227918143488,376,170
2271,667211855547486208,508,251
2272,667200525029539841,632,272
2273,667192066997374976,401,110
2274,667188689915760640,768,433
2275,667182792070062081,14774,6472
2276,667177989038297088,194,57
2277,667176164155375616,628,474
2278,667174963120574464,256,86
2279,667171260800061440,228,95
2280,667165590075940865,2763,1197
2281,667160273090932737,263,65
2282,667152164079423490,48881,17801
2283,667138269671505920,4741,2313
2284,667119796878725120,337,133
2285,667090893657276420,341,130
2286,667073648344346624,414,129
2287,667070482143944705,85,14
2288,667065535570550784,169,49
2289,667062181243039745,222,56
2290,667044094246576128,192,51
2291,667012601033924608,462,235
2292,666996132027977728,248,99
2293,666983947667116034,2625,1018
2294,666837028449972224,838,568
2295,666835007768551424,220,82
2296,666826780179869698,258,99
2297,666817836334096384,533,259
2298,666804364988780544,244,94
2299,666786068205871104,783,502
2300,666781792255496192,397,203
2301,666776908487630848,360,178
2302,666739327293083650,240,67
2303,666701168228331520,441,223
2304,666691418707132416,190,48
2305,666649482315059201,899,595
2306,666644823164719104,235,85
2307,666454714377183233,529,213
2308,666447344410484738,105,22
2309,666437273139982337,129,50
2310,666435652385423360,168,54
2311,666430724426358785,321,199
2312,666428276349472768,166,84
2313,666421158376562688,319,114
2314,666418789513326592,127,47
2315,666411507551481857,451,331
2316,666407126856765440,111,41
2317,666396247373291520,168,87
2318,666373753744588802,190,94
2319,666362758909284353,785,578
2320,666353288456101888,224,74
2321,666345417576210432,301,141
2322,666337882303524864,199,93
2323,666293911632134144,513,358
2324,666287406224695296,150,68
2325,666273097616637952,178,77
2326,666268910803644416,105,36
2327,666104133288665088,14435,6681
2328,666102155909144576,80,13
2329,666099513787052032,158,70
2330,666094000022159362,166,76
2331,666082916733198337,119,45
2332,666073100786774016,325,169
2333,666071193221509120,148,62
2334,666063827256086533,480,223
2335,666058600524156928,112,58
2336,666057090499244032,299,142
2337,666055525042405380,440,257
2338,666051853826850816,1230,856
2339,666050758794694657,133,58
2340,666049248165822465,109,40
2341,666044226329800704,300,141
2342,666033412701032449,125,44
2343,666029285002620928,130,47
2344,666020888022790149,2561,520
2345,666020888022790149,2561,520
2346,666020888022790149,2561,520
2347,666020888022790149,2561,520
2348,666020888022790149,2561,520
2349,666020888022790149,2561,520
2350,666020888022790149,2561,520
2351,666020888022790149,2561,520
2352,666020888022790149,2561,520
2353,666020888022790149,2561,520
2354,666020888022790149,2561,520
2355,666020888022790149,2561,520
